{
    "epochs": 31,
    "initial_lr": 0.001,
    "best_val_loss": 0.3898733432094256,
    "lr_schedule": {
        "0": 0.001,
        "8": 0.0005,
        "11": 0.00025,
        "14": 0.000125,
        "17": 6.25e-05,
        "20": 3.125e-05,
        "23": 1.5625e-05,
        "26": 7.8125e-06,
        "29": 3.90625e-06
    }
}