{
    "mean": [
        118.69461779691704,
        111.99958266433369,
        103.1688242023495
    ],
    "std": [
        68.48892216991949,
        57.700879198145564,
        47.95330727288766
    ]
}