{
    "mean": [
        119.21526968300758,
        112.51073972740946,
        103.6828550559323
    ],
    "std": [
        69.10808985792733,
        58.16075209349976,
        48.56616013031467
    ]
}