{
    "mean": [
        118.68824202637727,
        111.95225786423933,
        103.0664201074717
    ],
    "std": [
        68.46407555077626,
        57.64863105007254,
        47.88215883674541
    ]
}