{
    "mean": [
        119.34120849470946,
        112.61692032702248,
        103.76272417502435
    ],
    "std": [
        69.17001857397355,
        58.25038131608916,
        48.620950905765966
    ]
}