{
    "mean": [
        119.20886585123144,
        112.46371131256855,
        103.58079216828074
    ],
    "std": [
        69.08458835856557,
        58.109462737647334,
        48.49390902338197
    ]
}