{
    "mean": [
        118.8203705018522,
        112.1056183737877,
        103.24939132367518
    ],
    "std": [
        68.55053308462597,
        57.790687296879476,
        48.00791136249909
    ]
}