model,use_quantized,use_augmentation,balance_dataset,additional_columns,target_column,val_loss,val_acc,class_0_acc,class_1_acc,class_2_acc,class_3_acc,class_4_acc,class_5_acc,epochs,initial_lr,best_val_loss,lr_schedule,lr_factor,lr_patience,early_stopping_patience
EfficientAttentionNet,False,True,False,,stable_height,1.1225549777348836,55.729166666666664,58.173077,70.588234,47.435898,44.166668,48.0,75.0,2,0.001,1.1225549777348836,{'0': 0.001},0.5,2,6
EfficientAttentionNet,stable_height,,False,False,False,0.1,64,0.3,0.001,0.5,2,False,1,True,6,0.0001,1.3856354157129924,43.229166666666664,63.46154,55.882355,25.641026,43.333332,32.0,0.0,2,0.001,1.3856354157129924,{'0': 0.001}
EfficientAttentionNet,shapeset,,False,True,False,0.1,64,0.3,0.001,0.5,2,False,30,True,6,0.0001,0.082677859802061,98.046875,100.0,97.04724,31,0.001,0.05140520998975262,"{'0': 0.001, '9': 0.0005, '12': 0.00025, '15': 0.000125, '18': 6.25e-05, '23': 3.125e-05, '26': 1.5625e-05, '29': 7.8125e-06}"
EfficientAttentionNet,cam_angle,,False,True,False,0.1,64,0.3,0.001,0.5,2,False,30,True,6,0.0001,7.621917878471625e-05,100.0,100.0,100.0,31,0.001,9.879772164822498e-06,"{'0': 0.001, '4': 0.0005, '7': 0.00025, '10': 0.000125, '13': 6.25e-05, '16': 3.125e-05, '19': 1.5625e-05, '22': 7.8125e-06, '25': 3.90625e-06, '28': 1.953125e-06}"
EfficientAttentionNet,type,"shapeset,cam_angle",False,True,False,0.1,64,0.3,0.001,0.5,2,False,30,True,6,0.0001,1.5332524081071217,78.64583333333333,82.180855,75.255104,31,0.001,0.3898733432094256,"{'0': 0.001, '8': 0.0005, '11': 0.00025, '14': 0.000125, '17': 6.25e-05, '20': 3.125e-05, '23': 1.5625e-05, '26': 7.8125e-06, '29': 3.90625e-06}"
