model,target_column,additional_columns,balance_dataset,use_augmentation,use_quantized,val_ratio,batch_size,dropout_rate,learning_rate,lr_factor,lr_patience,freeze_layers,num_epochs,use_existing_split,early_stopping_patience,weight_decay,val_loss,val_acc,class_0_acc,class_1_acc,class_2_acc,class_3_acc,class_4_acc,class_5_acc,epochs,initial_lr,best_val_loss,lr_scheduleEfficientAttentionNet,stable_height,,False,False,False,0.1,48,0.3,0.001,0.1,2,False,1,True,3,0.0001,1.3522471189498901,41.145833333333336,39.285713,34.782608,62.068966,54.83871,21.73913,14.285714,1,0.001,1.3522471189498901,"{""0"": 0.001}"
EfficientAttentionNet,stable_height,,False,False,False,0.1,48,0.3,0.001,0.1,2,False,1,True,3,0.0001,1.4293290376663208,38.020833333333336,48.214287,34.782608,27.586206,58.064518,4.347826,42.857143,1,0.001,1.4293290376663208,"{""0"": 0.001}"
EfficientAttentionNet,stable_height,,False,True,False,0.1,48,0.3,0.001,0.1,2,False,30,False,3,0.0001,0.8342150896787643,66.14583333333333,71.59091,75.0,60.897434,58.035713,75.0,42.1875,4,0.001,0.8342150896787643,"{""0"": 0.001, ""7"": 0.0001}"
EfficientAttentionNet,stable_height,,False,True,False,0.1,48,0.3,0.001,0.5,1,False,30,True,3,0.0001,0.8142465706914663,67.96875,67.045456,72.916664,63.46154,64.28571,64.70588,76.5625,5,0.001,0.8142465706914663,"{""0"": 0.001, ""7"": 0.0005}"
EfficientAttentionNet,stable_height,,False,True,False,0.1,48,0.3,0.001,0.5,1,False,30,True,3,1e-05,0.8097450891509652,68.22916666666667,76.704544,78.125,58.333332,60.714287,70.588234,50.0,4,0.001,0.8097450891509652,"{""0"": 0.001, ""6"": 0.0005}"
EfficientAttentionNet,stable_height,,True,True,False,0.1,48,0.3,0.001,0.5,1,False,30,False,3,1e-05,1.0876007473987082,62.608695652173914,56.666668,61.53846,67.85714,36.11111,66.666664,87.5,3,0.001,1.0876007473987082,"{""0"": 0.001, ""5"": 0.0005}"
EfficientAttentionNet,stable_height,,True,True,False,0.1,48,0.3,0.0001,0.5,1,False,30,False,3,1e-05,1.3335207835487697,48.26086956521739,41.17647,55.263157,63.88889,38.636364,75.0,40.625,1,0.0001,1.3335207835487697,"{""0"": 0.0001, ""3"": 5e-05}"
EfficientAttentionNet,stable_height,,False,True,True,0.1,48,0.3,0.002,0.5,1,False,30,False,3,1e-06,0.9634348023682833,59.895833333333336,77.5,59.239132,71.710526,40.74074,37.5,31.666666,9,0.002,0.9634348023682833,"{""0"": 0.002, ""11"": 0.001}"
