{
    "epochs": 5,
    "initial_lr": 0.001,
    "best_val_loss": 0.8829423636198044,
    "lr_schedule": {
        "0": 0.001,
        "8": 0.0005,
        "11": 0.00025
    },
    "lr_factor": 0.5,
    "lr_patience": 2,
    "early_stopping_patience": 6
}